"Key"	"Tunnel.Name.x"	"BORFIC"	"LENGTH.x"	"Corrected.Length"	"Approx.Length"	"Complete"	"Censored"	"HZ.Class"	"Enter.Mex"	"Enter.US"	"Infrastructure"	"Tunnel"	"Nogales"	"SOIL.TYPE.x"	"North"	"East"	"Discovery.Date"	"Width"	"Height"	"Depth"	"Volume"	"Three.Letter"	"AVERAGE.WIDTH.y"	"AVERAGE.HEIGHT.y"	"AVERAGE.DEPTH.y"	"Shoring"	"Lights"	"Dewater"	"Vent"	"SIZE.CLASS"	"DiscDate.DDMMYYYY"	"SOPH"	"Mosaic"	"Mosaic5"	"Loc"
"CAX 2003-0912"	"Calexico #1"	330	490	490	452	"Incomplete"	"None"	"B2"	"Bldg"	"Bldg"	0	0	FALSE	"Sandy Clay"	32.6659444444444	115.481444444444	"09/12/2003"	1.5	4	14	1980	"CAX"	2	4	14	"y"	"y"	"n"	"y"	"B"	"12/09/2003"	2	"Sophisticated"	"Sophisticated"	"Other"
"CAX 2003-1112"	"Calexico #2"	-1	170	170	168	"Incomplete"	"None"	"B1"	"Bldg"	"Unk"	0	0	FALSE	"Sandy Clay"	32.6664444444444	115.478944444444	"11/12/2003"	-1	-1	12	0	"CAX"	2.5	2.5	10	"y"	"0"	"n"	"n"	"B"	"12/11/2003"	1	"Crude"	"Crude, Other"	"Other"
"CAX 2005-0225"	"Calexico #3"	590	600	600	623	"Complete"	"None"	"B3"	"Bldg"	"Bldg"	0	0	FALSE	"Sandy Clay"	32.6663611111111	115.477694444444	"02/25/2005"	3	5	15	8850	"CAX"	3	5.5	15	"y"	"y"	"y"	"y"	"B"	"25/02/2005"	3	"Sophisticated"	"Sophisticated"	"Other"
"CAX 2006-0915"	"Calexico #4"	440	350	440	327	"Complete"	"None"	"B3"	"Bldg"	"Bldg"	0	0	FALSE	"Sandy Clay"	32.6763888888889	115.504166666667	"09/15/2006"	3.33	3.5	9	4662	"CAX"	3.5	3.5	10	"y"	"y"	"n"	"y"	"B"	"15/09/2006"	3	"Sophisticated"	"Sophisticated"	"Other"
"CAX 2008-0901"	"Calexico #5"	-1	434	434	447	"Incomplete"	"None"	"B2"	"Bldg"	"Unk"	0	0	FALSE	"Sandy Clay"	32.665056	115.476097	"09/01/2008"	4.5	5	16	10350	"CAX"	5	5	16.5	"y"	"y"	"n"	"y"	"B"	"01/09/2008"	2	"Sophisticated"	"Sophisticated"	"Other"
"CAX 2008-1024"	"Calexico #6"	-1	440	440	439	"Incomplete"	"None"	"B2"	"Unk"	"Unk"	0	0	FALSE	"Sandy Clay"	-1	-1	"10/24/2008"	4	5	6	12000	"CAX"	2.5	2.5	10	"y"	"y"	"n"	"y"	"B"	"24/10/2008"	2	"Sophisticated"	"Sophisticated"	"Other"
"DGL 1990-0517"	"Douglas"	220	220	220	243	"Complete"	"None"	"B3"	"Bldg"	"Bldg"	0	0	FALSE	"Sandy Clay"	31.3438888888889	109.552777777778	"05/17/1990"	3	5	30	0	"DGL"	3	5	30	"y"	"y"	"y"	"y"	"B"	"17/05/1990"	3	"Sophisticated"	"Sophisticated"	"Other"
"DGL 2009-0407"	"Douglas #2"	-1	-1	-1	-1	"Complete"	NA	""	"Outside"	"Sewer"	1	0	FALSE	""	-1	-1	"04/07/2009"	-1	-1	-1	0	"DGL"	NA	NA	NA	""	""	""	""	""	"07/04/2009"	NA	"Infra"	"Infra, Other"	"Other"
"IMB 2002-0429"	"Imperial Beach #1"	65	65	65	77	"Incomplete"	"None"	"A1"	"Outside"	"Unk"	0	0	FALSE	"Sandy Clay"	-1	-1	"04/29/2002"	4	6	-1	1560	"IMB"	4	6	15	"n"	"n"	"n"	"n"	"A"	"29/04/2002"	1	"Crude"	"Crude, Other"	"SoCal"
"IMB 2009-0329"	"Imperial Beach #02"	-1	-1	-1	-1	"Complete"	NA	""	"Outside"	"Sewer"	1	0	FALSE	""	-1	-1	"03/29/2009"	-1	-1	-1	0	"IMB"	NA	NA	NA	""	""	""	""	""	"29/03/2009"	NA	"Infra"	"Infra, Other"	"SoCal"
"LND 2005-0720"	"Lynden"	360	360	360	156	"Complete"	"None"	"B3"	"Bldg"	"Bldg"	0	0	FALSE	"Sandy Clay"	49.0232777777778	122.482330555556	"07/20/2005"	3.5	4	9.5	5040	"LND"	3.5	4	10	"y"	"y"	"y"	"y"	"B"	"20/07/2005"	3	"Sophisticated"	"Sophisticated"	"Other"
"NCO 1999-0501"	"Naco"	260	195	260	195	"Complete"	"None"	"B2"	"Bldg"	"Bldg"	0	0	FALSE	"Sandy Clay"	31.3433333333333	109.971388888889	"05/01/1999"	4.5	5	15	5850	"NCO"	4.5	5	15	"y"	"n"	"n"	"n"	"B"	"01/05/1999"	2	"Sophisticated"	"Sophisticated"	"Other"
"NGL 1995-0901"	"Nogales #1"	87	87	87	85	"Complete"	"None"	"A1"	"Sewer"	"Bldg"	1	0	TRUE	"Sandstone"	31.3330555555556	110.942222222222	"09/01/1995"	4	4	-1	1392	"NGL"	4	4	6	"y"	"n"	"n"	"n"	"A"	"01/09/1995"	1	"Infra"	"Infra, Nogales"	"NGL"
"NGL 1999-0120a"	"Nogales #2"	138	247	247	245	"Complete"	"None"	"B2"	"Sewer"	"Bldg"	1	1	TRUE	"Sandstone"	31.3330555555556	110.942222222222	"01/20/1999"	1.5	1.5	12	310.5	"NGL"	2	3	12	"n"	"y"	"n"	"y"	"B"	"20/01/1999"	2	"Infra"	"Infra, Nogales"	"NGL"
"NGL 1999-0120b"	"Nogales #3"	153	153	153	249	"Complete"	"None"	"B2"	"Bldg"	"Bldg"	1	0	TRUE	"Decomposed Granite"	31.3330555555556	110.942222222222	"01/20/1999"	1.5	1.5	-1	344.25	"NGL"	2.5	2.5	20	"y"	"y"	"n"	"n"	"B"	"20/01/1999"	2	"Infra"	"Infra, Nogales"	"NGL"
"NGL 1999-1021"	"Nogales #4"	67	67	67	72	"Complete"	"None"	"A1"	"Sewer"	"Bldg"	1	0	TRUE	"Sandstone"	31.3330555555556	110.942222222222	"10/21/1999"	2	3	-1	402	"NGL"	2	3	2	"n"	"n"	"n"	"n"	"A"	"21/10/1999"	1	"Infra"	"Infra, Nogales"	"NGL"
"NGL 1999-1022"	"Nogales #5"	-1	100	65	65	"Incomplete"	"Right"	"A1"	"Sewer"	"Bldg"	1	0	TRUE	"Sandstone"	-1	-1	"10/22/1999"	-1	-1	-1	0	"NGL"	2.5	3	2	"n"	"n"	"n"	"n"	"A"	"22/10/1999"	1	"Infra"	"Infra, Nogales"	"NGL"
"NGL 2000-0516"	"Nogales #6"	-1	70	45	44	"Complete"	"Right"	"A1"	"Sewer"	"Bldg"	1	0	TRUE	"Sandstone"	31.3330555555556	110.942222222222	"05/16/2000"	-1	-1	-1	0	"NGL"	2.5	2.5	6	"y"	"n"	"n"	"n"	"A"	"16/05/2000"	1	"Infra"	"Infra, Nogales"	"NGL"
"NGL 2000-0629"	"Nogales #7"	17	17	17	18	"Complete"	"None"	"A1"	"Sewer"	"Bldg"	1	0	TRUE	"Sandstone"	31.34055	110.93325	"06/29/2000"	-1	-1	-1	0	"NGL"	2.5	2.5	5	"n"	"n"	"n"	"n"	"A"	"29/06/2000"	1	"Infra"	"Infra, Nogales"	"NGL"
"NGL 2001-0226"	"Nogales #8"	28	28	28	28	"Complete"	"None"	"A1"	"Sewer"	"Bldg"	1	0	TRUE	"Sandstone"	31.34055	110.932577777778	"02/26/2001"	1.5	1.5	6	63	"NGL"	2	2	4.5	"n"	"y"	"n"	"n"	"A"	"26/02/2001"	1	"Infra"	"Infra, Nogales"	"NGL"
"NGL 2001-0904"	"Nogales #9"	3	3	3	6	"Incomplete"	"None"	"A1"	"Outside"	"Unk"	0	0	TRUE	"Sandstone"	31.33295	110.931769444444	"09/04/2001"	-1	-1	8	0	"NGL"	2.5	2.5	8	"n"	"n"	"n"	"n"	"A"	"04/09/2001"	1	"Crude"	"Crude, Nogales"	"NGL"
"NGL 2001-1211"	"Nogales #10"	84	84	84	84	"Complete"	"None"	"A1"	"Outside"	"Bldg"	0	0	TRUE	"Decomposed Granite"	31.3331194444444	110.9458	"12/11/2001"	3	3	25	756	"NGL"	3	3	25	"n"	"n"	"n"	"n"	"A"	"11/12/2001"	1	"Crude"	"Crude, Nogales"	"NGL"
"NGL 2002-0121"	"Nogales #11"	-1	3	3	3	"Incomplete"	"None"	"A1"	"Sewer"	"Unk"	1	0	TRUE	"Sandstone"	31.3331194444444	110.9458	"01/21/2002"	-1	-1	-1	0	"NGL"	0	0	0	"0"	"0"	"0"	"0"	"A"	"21/01/2002"	1	"Infra"	"Infra, Nogales"	"NGL"
"NGL 2002-0415"	"Nogales #12"	116	116	116	116	"Complete"	"None"	"B1"	"Sewer"	"Outside"	1	0	TRUE	"Sandstone"	31.3331694444444	110.944333333333	"04/15/2002"	3	3	1	1044	"NGL"	3	3	1	"n"	"y"	"n"	"n"	"B"	"15/04/2002"	1	"Infra"	"Infra, Nogales"	"NGL"
"NGL 2002-1227"	"Nogales #13"	-1	6	6	93	"Complete"	"Right"	"A1"	"Bldg"	"Outside"	1	0	TRUE	"Sandstone"	-1	-1	"12/27/2002"	3	3	-1	0	"NGL"	3	3	3	"n"	"n"	"n"	"n"	"A"	"27/12/2002"	1	"Infra"	"Infra, Nogales"	"NGL"
"NGL 2003-0111"	"Nogales #14"	12	12	12	15	"Complete"	"None"	""	"Outside"	"Sewer"	1	1	TRUE	"Sandstone"	-1	-1	"01/11/2003"	3	3	-1	108	"NGL"	3	3	0	"0"	"0"	"0"	"0"	""	"11/01/2003"	NA	"Infra"	"Infra, Nogales"	"NGL"
"NGL 2003-0912"	"Nogales #15"	985	472	985	475	"Complete"	"None"	"B3"	"Bldg"	"Bldg"	0	0	TRUE	"Decomposed Granite"	31.3363888888889	110.948069444444	"09/12/2003"	3	4	13	11820	"NGL"	3	4	40	"y"	"y"	"n"	"y"	"B"	"12/09/2003"	3	"Sophisticated"	"Sophisticated"	"NGL"
"NGL 2003-1118"	"Nogales #16"	-1	40	40	68	"Complete"	"None"	""	"Unk"	"Sewer"	1	0	TRUE	"Sandstone"	31.3323611111111	110.944666666667	"11/18/2003"	2	2	-1	0	"NGL"	2	2	6	"0"	"0"	"0"	"0"	""	"18/11/2003"	NA	"Infra"	"Infra, Nogales"	"NGL"
"NGL 2005-0301"	"Nogales #17"	300	50	300	39	"Incomplete"	"None"	""	"Bldg"	"Sewer"	1	0	TRUE	"Sandstone"	31.3331083333333	110.945127777778	"03/01/2005"	3	3	20	2700	"NGL"	3	3	20	"0"	"0"	"0"	"0"	""	"01/03/2005"	NA	"Infra"	"Infra, Nogales"	"NGL"
"NGL 2005-0315"	"Nogales #18"	94	94	94	90	"Incomplete"	"Right"	"A1"	"Unk"	"Bldg"	0	0	TRUE	"Sandstone"	31.3327777777778	110.940330555556	"03/15/2005"	4	6	5	2256	"NGL"	4	6	3	"n"	"n"	"n"	"n"	"A"	"15/03/2005"	1	"Crude"	"Crude, Nogales"	"NGL"
"NGL 2005-0811"	"Nogales #19"	-1	-1	60	60	"Complete"	"None"	""	"Outside"	"Sewer"	1	0	TRUE	"Sandstone"	31.3277777777778	110.945277777778	"08/11/2005"	-1	-1	-1	0	"NGL"	0	0	0	"0"	"0"	"0"	"0"	""	"11/08/2005"	NA	"Infra"	"Infra, Nogales"	"NGL"
"NGL 2005-1029"	"Nogales #20"	-1	100	100	118	"Incomplete"	"None"	"A1"	"Bldg"	"Unk"	0	0	TRUE	"Sandstone"	31.3331194444444	110.940044444444	"10/29/2005"	2	2	3	0	"NGL"	2	2.5	3	"n"	"n"	"n"	"n"	"A"	"29/10/2005"	1	"Crude"	"Crude, Nogales"	"NGL"
"NGL 2005-1031"	"Nogales#21"	-1	100	100	96	"Complete"	"None"	""	"Sewer"	"Bldg"	1	1	TRUE	"Sandstone"	31.3331194444444	110.9458	"10/31/2005"	-1	-1	-1	0	"NGL"	0	0	0	"0"	"0"	"0"	"0"	""	"31/10/2005"	NA	"Infra"	"Infra, Nogales"	"NGL"
"NGL 2006-0301"	"Nogales NoNum 1"	-1	225	225	246	"UNK"	"None"	"B1"	""	""	0	0	TRUE	"Decomposed Granite"	-1	-1	"03/01/2006"	-1	-1	-1	-1	"NGL"	3	3	10	"y"	"y"	"n"	"n"	"B"	"01/03/2006"	1	"Crude"	"Crude, Nogales"	"NGL"
"NGL 2006-0302"	"Nogales #22"	150	150	150	158	"Incomplete"	"None"	"B1"	"Outside"	"Outside"	1	1	TRUE	"Sandstone"	31.33309	110.94554	"03/02/2006"	3	3	4	1350	"NGL"	3	3	4	"n"	"y"	"n"	"y"	"B"	"02/03/2006"	1	"Infra"	"Infra, Nogales"	"NGL"
"NGL 2006-0304"	"Nogales #23"	164	164	164	144	"Incomplete"	"None"	"B1"	"Bldg"	"Unk"	0	0	TRUE	"Decomposed Granite"	-1	-1	"03/04/2006"	2.3	2.6	11.5	980.72	"NGL"	2.5	2.5	12	"0"	"0"	"0"	"0"	"B"	"04/03/2006"	1	"Crude"	"Crude, Nogales"	"NGL"
"NGL 2007-0106"	"Nogales #24"	-1	65	65	63	"Complete"	"Right"	"A1"	"Unk"	"Unk"	0	0	TRUE	"Sandstone"	-1	-1	"01/06/2007"	-1	-1	-1	0	"NGL"	3	3	5	"n"	"n"	"n"	"n"	"A"	"06/01/2007"	1	"Crude"	"Crude, Nogales"	"NGL"
"NGL 2007-0110"	"Nogales #25"	-1	20	0	1	"Incomplete"	"None"	"A1"	"Bldg"	"Unk"	0	0	TRUE	"Decomposed Granite"	31.3331194444444	110.9458	"01/10/2007"	2.5	2.5	20	0	"NGL"	2.5	2.5	20	"0"	"0"	"0"	"0"	"A"	"10/01/2007"	1	"Crude"	"Crude, Nogales"	"NGL"
"NGL 2007-0208"	"Nogales #26"	25	25	25	6	"Incomplete"	"None"	"A1"	"Sewer"	"Outside"	1	0	TRUE	"Sandstone"	31.333	110.944169444444	"02/08/2007"	1.8	2.1	2	94.5	"NGL"	2	2.5	2	"0"	"0"	"0"	"0"	"A"	"08/02/2007"	1	"Infra"	"Infra, Nogales"	"NGL"
"NGL 2007-0419"	"Nogales #27"	20	20	20	23	"Complete"	"None"	"A1"	"Sewer"	"Bldg"	1	0	TRUE	"Sandstone"	-1	-1	"04/19/2007"	2.5	2.5	2	125	"NGL"	2.5	2.5	2	"0"	"0"	"0"	"0"	"A"	"19/04/2007"	1	"Infra"	"Infra, Nogales"	"NGL"
"NGL 2007-0628"	"Nogales #28"	300	300	300	62	"Complete"	"None"	"B1"	"Bldg"	"Bldg"	0	0	TRUE	"Decomposed Granite"	31.33327	110.93431	"06/28/2007"	3	3	-1	2700	"NGL"	3	3	5	"y"	"y"	"n"	"n"	"B"	"28/06/2007"	1	"Crude"	"Crude, Nogales"	"NGL"
"NGL 2007-0629"	"Nogales #29"	4	4	4	15	"Complete"	"None"	"A1"	"Sewer"	"Bldg"	1	0	TRUE	"Sandstone"	31.33782	110.93935	"06/29/2007"	0.83	0.83	18	2.7556	"NGL"	2	2	1.5	"0"	"0"	"0"	"0"	"A"	"29/06/2007"	1	"Infra"	"Infra, Nogales"	"NGL"
"NGL 2007-0711"	"Nogales #30"	90	97	97	97	"Complete"	"None"	"A1"	"Sewer"	"Bldg"	1	0	TRUE	"Decomposed Granite"	31.3441944444444	110.959777777778	"07/11/2007"	2	3	6	540	"NGL"	2	3	6	"n"	"n"	"0"	"n"	"A"	"11/07/2007"	1	"Infra"	"Infra, Nogales"	"NGL"
"NGL 2007-0729"	"Nogales #31"	38	45	45	47	"Complete"	"None"	"A1"	"Sewer"	"Bldg"	1	0	TRUE	"Sandstone"	-1	-1	"07/29/2007"	1.83	3.33	6	231.5682	"NGL"	2	3.5	6	"0"	"y"	"0"	"y"	"A"	"29/07/2007"	1	"Infra"	"Infra, Nogales"	"NGL"
"NGL 2007-0907"	"Nogales #32"	28	28	28	44	"Incomplete"	"Right"	"A1"	"Bldg"	"Unk"	0	0	TRUE	"Decomposed Granite"	31.332448	110.938416	"09/07/2007"	3	3	9	252	"NGL"	3	3	9	"0"	"y"	"0"	"0"	"A"	"07/09/2007"	1	"Crude"	"Crude, Nogales"	"NGL"
"NGL 2007-0923"	"Nogales #33"	30	30	30	28	"Incomplete"	"None"	"A1"	"Sewer"	"Unk"	1	0	TRUE	"Sandstone"	31.33286	110.94246	"09/23/2007"	1.5	2	1	90	"NGL"	2	2	1	"0"	"0"	"0"	"0"	"A"	"23/09/2007"	1	"Infra"	"Infra, Nogales"	"NGL"
"NGL 2007-1003"	"Nogales #34"	5	5	5	6	"Complete"	"None"	"A1"	"Outside"	"Sewer"	1	0	TRUE	"Sandstone"	31.32279	110.94125	"10/03/2007"	2	2	1	20	"NGL"	2	2	1	"n"	"n"	"n"	"n"	"A"	"03/10/2007"	1	"Infra"	"Infra, Nogales"	"NGL"
"NGL 2007-1202"	"Nogales #35"	10	10	10	11	"Complete"	"None"	"A1"	"Unk"	"Sewer"	1	0	TRUE	"Sandstone"	-1	-1	"12/02/2007"	2	2	2	40	"NGL"	2	2	2	"0"	"0"	"0"	"0"	"A"	"02/12/2007"	1	"Infra"	"Infra, Nogales"	"NGL"
"NGL 2007-1211"	"Nogales #36"	12	12	12	11	"Complete"	"None"	"A1"	"Outside"	"Outside"	0	0	TRUE	"Sandstone"	31.33302	110.94023	"12/11/2007"	2	2	7	48	"NGL"	2	2	7	"0"	"0"	"0"	"0"	"A"	"11/12/2007"	1	"Crude"	"Crude, Nogales"	"NGL"
"NGL 2007-1218"	"Nogales #37"	135	135	135	144	"Complete"	"None"	"B1"	"Sewer"	"Bldg"	1	0	TRUE	"Sandstone"	31.33302	110.94933	"12/18/2007"	2.5	3	6	1012.5	"NGL"	2.5	3	6	"y"	"0"	"0"	"0"	"B"	"18/12/2007"	1	"Infra"	"Infra, Nogales"	"NGL"
"NGL 2008-0116"	"Nogales #38"	-1	405	405	13	"Complete"	"None"	"B1"	"Sewer"	"Sewer"	1	0	TRUE	"Sandstone"	31.33667	110.943944444444	"01/16/2008"	-1	-1	-1	0	"NGL"	2	2	5	"0"	"0"	"0"	"0"	"B"	"16/01/2008"	1	"Infra"	"Infra, Nogales"	"NGL"
"NGL 2008-0505"	"Nogales #39"	-1	30	30	36	"Complete"	"Right"	"A1"	"Unk"	"Unk"	0	0	TRUE	"Sandstone"	31.33283	110.94553	"05/05/2008"	3	3	3	0	"NGL"	3	3	3	"y"	"n"	"n"	"n"	"A"	"05/05/2008"	1	"Crude"	"Crude, Nogales"	"NGL"
"NGL 2008-0514"	"Nogales #40"	-1	20	20	20	"Incomplete"	"None"	"A1"	"Outside"	"Sewer"	1	0	TRUE	"Sandstone"	-1	-1	"05/14/2008"	-1	-1	3	0	"NGL"	2	3	3	"0"	"0"	"0"	"0"	"A"	"14/05/2008"	1	"Infra"	"Infra, Nogales"	"NGL"
"NGL 2008-0529"	"Nogales #41"	6	6	6	5	"Complete"	"None"	"A1"	"Outside"	"Outside"	0	0	TRUE	"Sandstone"	31.33275	110.95307	"05/29/2008"	3	3	3	54	"NGL"	3	3	1	"0"	"0"	"0"	"0"	"A"	"29/05/2008"	1	"Crude"	"Crude, Nogales"	"NGL"
"NGL 2008-0601"	"Nogales #42"	30	30	30	30	"Complete"	"Right"	"A1"	"Outside"	"Outside"	0	0	TRUE	"Sandstone"	31.3328888888889	110.950777777778	"06/01/2008"	3	3	3	0	"NGL"	3	3	3	"0"	"0"	"0"	"0"	"A"	"01/06/2008"	1	"Crude"	"Crude, Nogales"	"NGL"
"NGL 2008-0618"	"Nogales #43"	-1	16	16	11	"Complete"	"Right"	"A1"	"Unk"	"Unk"	1	1	TRUE	"Sandstone"	31.33342	110.94567	"06/18/2008"	2	2	-1	0	"NGL"	2	2	1	"0"	"0"	"0"	"0"	"A"	"18/06/2008"	1	"Infra"	"Infra, Nogales"	"NGL"
"NGL 2008-0704"	"Nogeles #44"	-1	10	10	11	"UNK"	"Right"	"A1"	"Unk"	"Outside"	0	0	TRUE	"Sandstone"	31.33268	110.94351	"07/04/2008"	3	3	-1	0	"NGL"	3	3	1	"0"	"0"	"0"	"0"	"A"	"04/07/2008"	1	"Crude"	"Crude, Nogales"	"NGL"
"NGL 2008-0707"	"Nogales #45"	51	51	51	54	"Complete"	"Right"	"A1"	"Outside"	"Outside"	0	0	TRUE	"Sandstone"	31.33289	110.95071	"07/07/2008"	3	2	2	306	"NGL"	3	2	2	"0"	"0"	"0"	"0"	"A"	"07/07/2008"	1	"Crude"	"Crude, Nogales"	"NGL"
"NGL 2008-0713"	"Nogales #46"	30	30	30	94	"Complete"	"None"	"A1"	"Sewer"	"Sewer"	1	0	TRUE	"Sandstone"	31.33258	110.94241	"07/13/2008"	2	2	7	120	"NGL"	2	2	7	"n"	"n"	"n"	"n"	"A"	"13/07/2008"	1	"Infra"	"Infra, Nogales"	"NGL"
"NGL 2008-0825"	"Nogales #47"	-1	160	160	158	"Complete"	"Right"	"B1"	"Unk"	"Bldg"	0	1	TRUE	"Decomposed Granite"	31.33303	110.93408	"08/15/2008"	3	3	3	0	"NGL"	3	3	5	"0"	"0"	"0"	"0"	"B"	"15/08/2008"	1	"Crude"	"Crude, Nogales"	"NGL"
"NGL 2008-0911"	"Nogales NoNum 2"	-1	6	6	7	"Complete"	"None"	"A1"	"Outside"	"Outside"	0	0	TRUE	"Sandstone"	-1	-1	"09/11/2008"	-1	-1	-1	-1	"NGL"	2	2	1.5	"0"	"0"	"0"	"0"	"A"	"11/09/2008"	1	"Crude"	"Crude, Nogales"	"NGL"
"NGL 2008-1025a"	"Nogales, #48"	-1	50	50	48	"Complete"	"None"	"A1"	"Unk"	"Outside"	1	0	TRUE	"Sandstone"	-1	-1	"10/25/2008"	2.5	2.5	2	656.25	"NGL"	2	3	3.5	"y"	"n"	"n"	"n"	"A"	"25/10/2008"	1	"Infra"	"Infra, Nogales"	"NGL"
"NGL 2008-1025b"	"Nogales #49"	-1	-1	0	9	"Incomplete"	"None"	"A1"	"Outside"	"Unk"	0	0	TRUE	"Sandstone"	-1	-1	"10/25/2008"	-1	-1	6	0	"NGL"	2	2	6	"0"	"0"	"0"	"0"	"A"	"25/10/2008"	1	"Crude"	"Crude, Nogales"	"NGL"
"NGL 2008-1101"	"Nogales #50"	-1	3	3	3	"UNK"	"Right"	"A1"	"Unk"	"Outside"	0	0	TRUE	"Sandstone"	-1	-1	"11/01/2008"	-1	-1	2	0	"NGL"	2	2	2	"n"	"n"	"n"	"n"	"A"	"01/11/2008"	1	"Crude"	"Crude, Nogales"	"NGL"
"NGL 2008-1110"	"Nogales #51"	-1	165	165	166	"Complete"	"None"	"B1"	"Unk"	"Sewer"	1	0	TRUE	"Sandstone"	-1	-1	"11/10/2008"	2	3	-1	900	"NGL"	2.5	2.5	2	"n"	"n"	"n"	"n"	"B"	"10/11/2008"	1	"Infra"	"Infra, Nogales"	"NGL"
"NGL 2008-1119a"	"Nogales #52"	-1	14	14	14	"Complete"	"None"	"A1"	"Sewer"	"Sewer"	1	0	TRUE	"Sandstone"	31.3379	110.94012	"11/19/2008"	2	2	-1	248	"NGL"	2	2	8	"n"	"n"	"n"	"n"	"A"	"19/11/2008"	1	"Infra"	"Infra, Nogales"	"NGL"
"NGL 2008-1119b"	"Nogeles #53"	-1	14	14	14	"Complete"	"None"	"A1"	"Sewer"	"Bldg"	1	0	TRUE	"Sandstone"	31.335667	110.957533	"11/19/2008"	2	2	-1	52	"NGL"	2	2	8	"n"	"n"	"n"	"n"	"A"	"19/11/2008"	1	"Infra"	"Infra, Nogales"	"NGL"
"NGL 2008-1211"	"Nogales #54"	-1	4	4	9	"Complete"	"None"	"A1"	"Sewer"	"Outside"	1	0	TRUE	"Sandstone"	31.3282	110.94543	"12/11/2008"	2	2	2	60	"NGL"	2	2	2	"n"	"n"	"n"	"n"	"A"	"11/12/2008"	1	"Infra"	"Infra, Nogales"	"NGL"
"NGL 2008-1212"	"Nogales #55"	-1	15	15	7	"Complete"	"None"	"A1"	"Outside"	"Outside"	0	0	TRUE	"Sandstone"	31.33282	110.9401	"12/12/2008"	1.67	1.67	4	27.889	"NGL"	2	2	8	"n"	"n"	"n"	"n"	"A"	"12/12/2008"	1	"Crude"	"Crude, Nogales"	"NGL"
"NGL 2008-1213"	"Nogales #56"	-1	34	34	34	"Complete"	"None"	"A1"	"Sewer"	"Outside"	1	0	TRUE	"Sandstone"	31.33283	110.95068	"12/13/2008"	3	3	5	216	"NGL"	3	3	4	"n"	"n"	"n"	"n"	"A"	"13/12/2008"	1	"Infra"	"Infra, Nogales"	"NGL"
"NGL 2008-1229a"	"Nogales #57"	-1	1	1	3	"Complete"	"None"	"A1"	"Sewer"	"Outside"	1	1	TRUE	"Sandstone"	31.3343888888889	110.952888888889	"12/29/2008"	0.67	0.67	2	1.3467	"NGL"	2	2	1	"n"	"n"	"n"	"n"	"A"	"29/12/2008"	1	"Infra"	"Infra, Nogales"	"NGL"
"NGL 2008-1229b"	"Nogales NoNum 3"	-1	69	69	64	"Complete"	"None"	"A1"	"Sewer"	"Sewer"	1	0	TRUE	"Sandstone"	-1	-1	"12/29/2008"	-1	-1	-1	-1	"NGL"	2	2	3	"n"	"n"	"n"	"n"	"A"	"29/12/2008"	1	"Infra"	"Infra, Nogales"	"NGL"
"NGL 2009-0119a"	"Nogales #58"	-1	-1	-1	-1	"Incomplete"	NA	""	"Sewer"	"Unk"	1	0	TRUE	""	31.33261	110.95009	"01/19/2009"	3	3	10	180	"NGL"	NA	NA	NA	""	""	""	""	""	"19/01/2009"	1	"Infra"	"Infra, Nogales"	"NGL"
"NGL 2009-0119b"	"Nogales #59"	-1	45	45	-1	"Incomplete"	"None"	""	"Sewer"	"Unk"	1	0	TRUE	""	31.33261	110.94916	"01/19/2009"	3	3	10	360	"NGL"	NA	NA	NA	""	""	""	""	""	"19/01/2009"	1	"Infra"	"Infra, Nogales"	"NGL"
"NGL 2009-0306"	" Nogales #60"	-1	-1	-1	-1	"UNK"	NA	""	"Unk"	"Outside"	0	0	TRUE	""	-1	-1	"03/06/2009"	-1	-1	-1	0	"NGL"	NA	NA	NA	""	""	""	""	""	"06/03/2009"	NA	"Crude"	"Crude, Nogales"	"NGL"
"NGL 2009-0508"	"Nogales #61"	-1	-1	-1	-1	"Complete"	""	"B1"	"UNK"	"Sewer"	1	0	TRUE	""	-1	-1	"05/08/2009"	-1	-1	-1	-1	"NGL"	NA	NA	NA	""	""	""	""	"B"	"08/05/2009"	1	"Infra"	"Infra, Nogales"	"NGL"
"NGL 2009-0601"	"Nogales #62"	-1	30	30	-1	"UNK"	"Right"	"A1"	""	"UNK"	0	0	TRUE	""	-1	-1	"06/01/2009"	-1	-1	-1	-1	"NGL"	NA	NA	NA	""	""	""	""	"A"	"01/06/2009"	1	"Crude"	"Crude, Nogales"	"NGL"
"NGL 2009-0603"	"Nogales #63"	-1	58	58	-1	"UNK"	"Right"	""	""	""	1	0	TRUE	""	-1	-1	"06/03/2009"	-1	-1	-1	-1	"NGL"	NA	NA	NA	""	""	""	""	""	"03/06/2009"	NA	"Infra"	"Infra, Nogales"	"NGL"
"NGL 2009-0610"	"Nogales #64"	-1	83	83	-1	"Incomplete"	"None"	""	"Bldg"	"Bldg"	0	0	TRUE	""	-1	-1	"06/10/2009"	-1	-1	-1	-1	"NGL"	NA	NA	NA	""	""	""	""	""	"10/06/2009"	NA	"Crude"	"Crude, Nogales"	"NGL"
"NGL 2009-0703"	"Nogales NoNum 2"	-1	-1	-1	-1	"Incomplete"	"Right"	""	"UNK"	"UNK"	0	0	TRUE	""	-1	-1	"07/03/2009"	-1	-1	-1	-1	"NGL"	NA	NA	NA	""	""	""	""	""	""	NA	"Crude"	"Crude, Nogales"	"NGL"
"NGL 2009-0716"	"Nogales #65"	-1	-1	-1	-1	"UNK"	""	""	""	""	1	1	TRUE	""	-1	-1	"07/16/2009"	-1	-1	-1	-1	"NGL"	NA	NA	NA	""	""	""	""	""	"16/07/2009"	NA	"Infra"	"Infra, Nogales"	"NGL"
"NGL 2009-0729"	"Nogales NoNum 3"	-1	160	160	-1	"Incomplete"	"Right"	""	"UNK"	"UNK"	0	0	TRUE	""	-1	-1	"07/29/2009"	-1	-1	-1	-1	"NGL"	NA	NA	NA	""	""	""	""	""	""	NA	"Crude"	"Crude, Nogales"	"NGL"
"OTM 1993-0601"	"Otay Mesa # 1"	1452	1452	1452	1411	"Incomplete"	"None"	"C2"	"Bldg"	"Bldg"	0	0	FALSE	"Sandy Clay"	32.5491666666667	116.945833333333	"06/01/1993"	5	4.5	70	32670	"OTM"	5	4.5	38	"y"	"y"	"n"	"y"	"C"	"01/06/1993"	2	"Sophisticated"	"Sophisticated"	"SoCal"
"OTM 1998-0801"	"Otay Mesa #2"	50	50	50	144	"UNK"	"Right"	"A3"	"Unk"	"Unk"	0	1	FALSE	"Sandy Clay"	-1	-1	"08/01/1998"	2.5	3	40	375	"OTM"	2.5	3	35	"y"	"y"	"n"	"n"	"A"	"01/08/1998"	3	"Sophisticated"	"Sophisticated"	"SoCal"
"OTM 2002-1210"	"Otay Mesa #3"	-1	0	0	8	"Incomplete"	"None"	"A1"	"Bldg"	"Unk"	0	0	FALSE	"Sandy Clay"	32.5502777777778	116.937361111111	"12/10/2002"	10	-1	59	0	"OTM"	8	8	51.5	"y"	"y"	"n"	"y"	"A"	"10/12/2002"	1	"Crude"	"Crude, Other"	"SoCal"
"OTM 2004-0822"	"Otay Mesa #4"	-1	10	10	27	"Incomplete"	"Right"	"A1"	"Outside"	"Sewer"	1	0	FALSE	"Sandy Clay"	32.55104	116.92811	"08/21/2004"	1.5	1.5	-1	74.25	"OTM"	2.5	2.5	1	"n"	"n"	"n"	"n"	"A"	"21/08/2004"	1	"Infra"	"Infra, Other"	"SoCal"
"OTM 2005-1116"	"Otay Mesa #5"	60	40	60	41	"Incomplete"	"Right"	"A1"	"Outside"	"Sewer"	1	0	FALSE	"Sandy Clay"	32.551104	116.928199	"11/16/2005"	4	3	2	720	"OTM"	2.5	3	2	"n"	"n"	"n"	"n"	"A"	"16/11/2005"	1	"Infra"	"Infra, Other"	"SoCal"
"OTM 2006-0120"	"Otay Mesa #6"	90	90	90	76	"Incomplete"	"None"	"A1"	"Outside"	"Sewer"	1	0	FALSE	"Sandy Clay"	32.5601388888889	116.960444444444	"01/20/2006"	2.5	2.5	4.5	562.5	"OTM"	2.5	2.5	4.5	"n"	"y"	"n"	"y"	"A"	"20/01/2006"	1	"Infra"	"Infra, Other"	"SoCal"
"OTM 2006-0124"	"Otay Mesa #7"	2400	2770	2770	3063	"Complete"	"None"	"C2"	"Bldg"	"Bldg"	0	0	FALSE	"Sandy Clay"	32.55384	116.96764	"01/24/2006"	3	5	33	36000	"OTM"	3	6	37	"y"	"y"	"y"	"y"	"C"	"24/01/2006"	2	"Sophisticated"	"Sophisticated"	"SoCal"
"OTM 2006-0131a"	"Otay Mesa #8"	6	12	12	13	"Incomplete"	"None"	"A1"	"Outside"	"Sewer"	1	0	FALSE	"Sandy Clay"	32.54967	116.94531	"01/31/2006"	-1	-1	6	0	"OTM"	2.5	2.5	6	"n"	"n"	"n"	"n"	"A"	"31/01/2006"	1	"Infra"	"Infra, Other"	"SoCal"
"OTM 2006-0131b"	"Otay Mesa #9"	3	7	7	7	"Incomplete"	"None"	"A1"	"Outside"	"Sewer"	1	0	FALSE	"Sandy Clay"	32.54973	116.94357	"01/31/2006"	-1	-1	3	0	"OTM"	2.5	2.5	3	"n"	"n"	"n"	"n"	"A"	"31/01/2006"	1	"Infra"	"Infra, Other"	"SoCal"
"OTM 2006-1010"	"Otay Mesa #10"	120	190	190	194	"Complete"	"None"	"B3"	"Sewer"	"Outside"	1	0	FALSE	"Sandy Clay"	32.55182	116.93008	"10/10/2006"	-1	-1	-1	0	"OTM"	3	3	3	"y"	"n"	"n"	"n"	"B"	"10/10/2006"	3	"Infra"	"Infra, Other"	"SoCal"
"OTM 2007-0328a"	"Otay Mesa #11"	8	8	8	7	"Incomplete"	"None"	"A1"	"Outside"	"Unk"	0	0	FALSE	"Sandy Clay"	32.549676	116.945439	"03/28/2007"	2.5	2.5	6	50	"OTM"	2.5	2.5	6	"n"	"n"	"n"	"n"	"A"	"28/03/2007"	1	"Crude"	"Crude, Other"	"SoCal"
"OTM 2007-0328b"	"Otay Mesa #12"	2	4	4	4	"Incomplete"	"None"	"A1"	"Outside"	"Unk"	0	0	FALSE	"Sandy Clay"	32.549546	116.946217	"03/28/2007"	2.5	2.5	4	12.5	"OTM"	2.5	2.5	4	"n"	"n"	"n"	"n"	"A"	"28/03/2007"	1	"Crude"	"Crude, Other"	"SoCal"
"OTM 2007-0621"	"Otay Mesa #13"	31	30	31	29	"Incomplete"	"None"	"A1"	"Outside"	"Unk"	0	0	FALSE	"Sandy Clay"	32.55135	116.92788	"06/21/2007"	3	3	3	279	"OTM"	3	3	3	"n"	"n"	"n"	"n"	"A"	"21/06/2007"	1	"Crude"	"Crude, Other"	"SoCal"
"OTM 2009-0221"	"Chula Vista #1"	-1	-1	-1	-1	"Complete"	NA	""	"Sewer"	"Sewer"	1	0	FALSE	""	31.33261	110.94916	"02/21/2009"	-1	-1	-1	0	"OTM"	NA	NA	NA	""	""	""	""	""	"21/02/2009"	1	"Infra"	"Infra, Other"	"SoCal"
"SLS 2007-0917"	"San Luis #1"	250	322	322	323	"Incomplete"	"None"	"B2"	"Bldg"	"Unk"	0	0	FALSE	"Sand"	32.4913888888889	114.771194444444	"09/17/2007"	3	5	15	3750	"SLS"	3.5	3.5	15	"y"	"y"	"y"	"y"	"B"	"17/09/2007"	2	"Sophisticated"	"Sophisticated"	"Other"
"SLS 2008-1106"	"San Luis #2"	-1	1200	1200	1196	"Complete"	"None"	"C3"	"Bldg"	"Bldg"	0	0	FALSE	"Sand"	-1	-1	"11/06/2008"	-1	-1	30	0	"SLS"	0	0	30	"n"	"n"	"n"	"n"	"C"	"06/11/2008"	3	"Sophisticated"	"Sophisticated"	"Other"
"SYO 2003-0404"	"San Ysidro #1"	300	83	300	333	"Complete"	"Right"	"B2"	"Bldg"	"Sewer"	1	0	FALSE	"Sandy Clay"	32.542335	117.033292	"04/04/2003"	4	4	10	5600	"SYO"	4	4	3	"y"	"y"	"n"	"y"	"B"	"04/04/2003"	2	"Infra"	"Infra, Other"	"SoCal"
"SYO 2004-0702"	"San Ysidro #2"	20	20	20	20	"Incomplete"	"None"	"B2"	"Outside"	"Unk"	0	0	FALSE	"Sandy Clay"	-1	-1	"07/02/2004"	3	3	3	180	"SYO"	3	3	3	"n"	"n"	"n"	"n"	"B"	"02/07/2004"	2	"Sophisticated"	"Sophisticated"	"SoCal"
"SYO 2004-0707"	"San Ysidro #3"	300	220	300	499	"Complete"	"None"	"B1"	"Bldg"	"Sewer"	1	1	FALSE	"Sandy Clay"	-1	-1	"07/07/2004"	4	4	8	4800	"SYO"	4	4	4	"y"	"y"	"n"	"y"	"B"	"07/07/2004"	1	"Infra"	"Infra, Other"	"SoCal"
"SYO 2006-0109"	"San Ysidro #4"	35	66	66	66	"Complete"	"None"	"A2"	"Outside"	"Outside"	0	0	FALSE	"Sandy Clay"	32.542156	117.033833	"01/09/2006"	2	2	4	140	"SYO"	2	2	4	"y"	"n"	"n"	"n"	"A"	"09/01/2006"	2	"Sophisticated"	"Sophisticated"	"SoCal"
"SYO 2006-0125"	"San Ysidro #5"	15	15	15	17	"Incomplete"	"Right"	"A2"	"Outside"	"Unk"	0	0	FALSE	"Sandy Clay"	32.542044	117.035263	"01/25/2006"	2	2	4	60	"SYO"	2	2	4	"y"	"n"	"n"	"n"	"A"	"25/01/2006"	2	"Sophisticated"	"Sophisticated"	"SoCal"
"SYO 2006-0209a"	"San Ysidro #6"	23	25	25	30	"Incomplete"	"None"	"A1"	"Outside"	"Unk"	0	0	FALSE	"Sandy Clay"	32.542266	117.033035	"02/09/2006"	2.5	2.5	1	143.75	"SYO"	2.5	2.5	1	"n"	"n"	"n"	"n"	"A"	"09/02/2006"	1	"Crude"	"Crude, Other"	"SoCal"
"SYO 2006-0209b"	"San Ysidro #7"	6	12	12	12	"Incomplete"	"None"	"A1"	"Outside"	"Unk"	0	0	FALSE	"Sandy Clay"	32.541832	117.037071	"02/09/2006"	-1	-1	2	0	"SYO"	2	2	2	"n"	"n"	"n"	"n"	"A"	"09/02/2006"	1	"Crude"	"Crude, Other"	"SoCal"
"SYO 2006-0515"	"San Ysidro #8"	100	72	100	72	"Complete"	"Right"	"A2"	"Unk"	"Outside"	0	0	FALSE	"Sandy Clay"	32.542367	117.033226	"05/15/2006"	2.5	2.5	2	625	"SYO"	2.5	2.5	2	"y"	"n"	"n"	"n"	"A"	"15/05/2006"	2	"Sophisticated"	"Sophisticated"	"SoCal"
"SYO 2006-0516"	"San Ysidro #9"	30	58	58	59	"Incomplete"	"Right"	"A1"	"Unk"	"Unk"	0	0	FALSE	"Sandy Clay"	32.542039	117.035219	"05/16/2006"	3	3	1	270	"SYO"	3	3	1	"n"	"n"	"n"	"n"	"A"	"16/05/2006"	1	"Crude"	"Crude, Other"	"SoCal"
"SYO 2006-0525"	"San Ysidro #10"	4	1	1	5	"Incomplete"	"None"	"A1"	"Outside"	"Unk"	0	0	FALSE	"Sandy Clay"	32.542266	117.033035	"05/25/2006"	2.5	2.5	1	25	"SYO"	2.5	2.5	1	"0"	"0"	"0"	"0"	"A"	"25/05/2006"	1	"Crude"	"Crude, Other"	"SoCal"
"SYO 2006-0926"	"San Ysidro #11"	103	43	103	127	"Incomplete"	"None"	"B2"	"Outside"	"Outside"	0	0	FALSE	"Sandy Clay"	32.54216	117.03372	"09/26/2006"	2.5	2.5	4	643.75	"SYO"	2.5	2.5	4	"y"	"n"	"n"	"n"	"B"	"26/09/2006"	2	"Sophisticated"	"Sophisticated"	"SoCal"
"SYO 2006-1023"	"San Ysidro #12"	3	3	3	4	"Incomplete"	"None"	"A1"	"Outside"	"Unk"	1	0	FALSE	"Sandy Clay"	-1	-1	"10/23/2006"	2.5	2.5	4	18.75	"SYO"	2.5	2.5	4	"n"	"n"	"n"	"n"	"A"	"23/10/2006"	1	"Infra"	"Infra, Other"	"SoCal"
"SYO 2008-1210"	"San Ysidro #13"	-1	444	444	103	"Incomplete"	"None"	"B1"	"Outside"	"Outside"	1	0	FALSE	"Sandy Clay"	32.54208	117.03478	"12/10/2008"	4	3	1	1128	"SYO"	4.5	4.5	3.5	"n"	"n"	"n"	"n"	"B"	"10/12/2008"	1	"Infra"	"Infra, Other"	"SoCal"
"SYO 2009-0629"	"San Ysidro #14"	-1	-1	1200	-1	"Complete"	"Right"	""	""	""	0	0	FALSE	""	-1	-1	"06/29/2009"	-1	-1	-1	-1	"SYO"	NA	NA	NA	""	""	""	""	""	"29/06/2009"	NA	"Crude"	"Crude, Other"	"SoCal"
"TDS 2002-0227"	"Tierra Del Sol #1"	1250	790	1250	786	"Complete"	"None"	"C2"	"Bldg"	"Bldg"	0	0	FALSE	"Decomposed Granite"	32.5997222222222	116.346388888889	"02/01/2002"	4	4	65	20000	"TDS"	4	4	7	"y"	"y"	"n"	"y"	"C"	"01/02/2002"	2	"Sophisticated"	"Sophisticated"	"Other"
"TDS 2003-0603"	"Tierra Del Sol #2"	40	185	185	186	"Incomplete"	"None"	"A2"	"Outside"	"Bldg"	0	0	FALSE	"Decomposed Granite"	32.6013888888889	116.334444444444	"06/06/2003"	3	7	15	840	"TDS"	3	7	15	"y"	"n"	"n"	"n"	"A"	"06/06/2003"	2	"Sophisticated"	"Sophisticated"	"Other"
"TEC 2007-1203"	"Tecate #1"	1300	1600	1600	1576	"Complete"	"None"	"C3"	"Bldg"	"Bldg"	0	0	FALSE	"Decomposed Granite"	31.57964	116.62936	"12/03/2007"	3	5	50	19500	"TEC"	3	5.5	31	"y"	"y"	"y"	"y"	"C"	"03/12/2007"	3	"Sophisticated"	"Sophisticated"	"Other"
